,Bitcoin_words,Bitcoin_values,CBDC_words,CBDC_values,Ethereum_words,Ethereum_values,Trusts_words,Trusts_values,Exchanges_words,Exchanges_values,Privacy_words,Privacy_values,Ripple_words,Ripple_values,Doge_words,Doge_values,Nano_words,Nano_values
1,BCH,0.8665330436271976,CENTRAL,1.575341383470221,DECENTRALIZED,0.673396520741164,SERVICE,1.969070609497476,FEE,3.6927086042325885,GOVERN,2.146540156834018,MEME,0.5797832888601988,SHILL,1.1735505557084571,SECURE,0.6048222521433395
2,ENERGY,0.42941329828671077,RATE,1.140290733603524,TOKEN,0.6474290670854327,NORTHERN,1.861600135594777,COINBASE,1.102164104176739,TECHNOLOGY,1.4278127677708978,PUMP,0.4177629464683866,FUD,0.9768194348530429,FUD,0.3928000808318051
3,MINE,0.39191604436211686,CURRENCY,0.9252360641595152,LONG,0.4156831110889112,FUND,1.825394797584924,BINANCE,0.7461513747195013,MAIL,1.4142039764413548,MOON,0.29696721602486104,SPREAD,0.8880098109393559,PUMP,0.37639205141452664
4,GOLD,0.33378936365944756,GOVERN,0.784710251251557,ICO,0.3717737484646931,PRIVATE,1.2801092354735637,FIAT,0.6459208254124504,CRYPTOGRAPHY,1.123603165730617,CURRENCY,0.21241456750913654,BRIGAD,0.6851180468182787,SEC,0.3427321217036907
5,FORK,0.3221219530281237,NEGATIVE,0.7352257891396347,COINBASE,0.36807513118909274,ASSET,1.211951084078386,FUND,0.5904269500489017,CYPHERPUNK,1.1144240164112122,ROBINHOOD,0.1975127919096216,NEGATIVE,0.6177736006371167,COINBASE,0.2542452208857485
6,LONG,0.3183447430972126,MORGAN,0.6442622900719895,SHORT,0.3312669721870302,EQUITY,1.1216687808915762,CHARGE,0.4798343807549372,PRIVACI,0.836528481637565,DASH,0.19577869981489676,TROLL,0.5259914015312032,LAWSUIT,0.2448630943238017
7,ORIGIN,0.27052848173691885,CRISI,0.5841042688068673,CENTRAL,0.26577556319542656,CHERECWICH,1.1155342328528925,LIGHTN,0.4298972852340377,SECURE,0.7093372794315211,BRAH,0.18604183106511493,HORD,0.270930726430253,DUMP,0.23840671622558365
8,ALT,0.2345703378857017,EXCHANG,0.4721314577077358,SPACE,0.21752835985017616,TOKEN,0.9936294373076116,PAYPAL,0.42687602507466305,LONG,0.5652653173199385,JOKE,0.18324807836901064,CURRENCY,0.2618901783483283,SALE,0.2256001142574607
9,FIAT,0.22001813996039835,SERVICE,0.44852873303966284,WBITCOIN,0.20917979238488188,HEDG,0.7941314781198776,SHITCOIN,0.4145593893362814,BOSCH,0.5270963697464641,BIT,0.17720263959537433,FISH,0.24566836770816472,BRAH,0.2163044641359917
